,STATION,DATE,TIME,ENTRIES,NEW_ENTRIES
354,72 ST-2 AVE,1/1/2017,0:00:00,68,34
355,72 ST-2 AVE,1/1/2017,4:00:00,119538148,63
356,72 ST-2 AVE,1/1/2017,8:00:00,119538162,14
357,72 ST-2 AVE,1/1/2017,12:00:00,119538194,32
358,72 ST-2 AVE,1/1/2017,16:00:00,119543178,5024
359,72 ST-2 AVE,1/1/2017,20:00:00,119547965,3852
360,72 ST-2 AVE,1/2/2017,0:00:00,119548900,935
361,72 ST-2 AVE,1/2/2017,4:00:00,119548901,1
362,72 ST-2 AVE,1/2/2017,8:00:00,119549079,178
363,72 ST-2 AVE,1/2/2017,12:00:00,119551120,2041
364,72 ST-2 AVE,1/2/2017,16:00:00,119555496,4376
365,72 ST-2 AVE,1/2/2017,20:00:00,119558989,3493
366,72 ST-2 AVE,1/3/2017,0:00:00,119559738,749
367,72 ST-2 AVE,1/3/2017,4:00:00,119559738,0
368,72 ST-2 AVE,1/3/2017,8:00:00,119560961,1223
369,72 ST-2 AVE,1/3/2017,12:00:00,119561171,3978
370,72 ST-2 AVE,1/3/2017,16:00:00,119570196,4183
371,72 ST-2 AVE,1/3/2017,20:00:00,119566378,4916
372,72 ST-2 AVE,1/4/2017,0:00:00,119578339,1078
373,72 ST-2 AVE,1/4/2017,4:00:00,119578339,0
374,72 ST-2 AVE,1/4/2017,8:00:00,119579738,1399
375,72 ST-2 AVE,1/4/2017,12:00:00,119577094,4350
376,72 ST-2 AVE,1/4/2017,16:00:00,119590342,4830
377,72 ST-2 AVE,1/4/2017,20:00:00,117478283,4651
378,72 ST-2 AVE,1/5/2017,0:00:00,119599759,1339
379,72 ST-2 AVE,1/5/2017,4:00:00,119599759,0
380,72 ST-2 AVE,1/5/2017,8:00:00,119601111,1352
381,72 ST-2 AVE,1/5/2017,12:00:00,119585809,3855
382,72 ST-2 AVE,1/5/2017,16:00:00,119611746,4617
383,72 ST-2 AVE,1/5/2017,20:00:00,117490967,4799
384,72 ST-2 AVE,1/6/2017,0:00:00,119621423,1425
385,72 ST-2 AVE,1/6/2017,4:00:00,119621423,0
386,72 ST-2 AVE,1/6/2017,8:00:00,119622642,1219
387,72 ST-2 AVE,1/6/2017,12:00:00,119612588,4610
388,72 ST-2 AVE,1/6/2017,16:00:00,119633370,4864
389,72 ST-2 AVE,1/6/2017,20:00:00,117503874,5086
390,72 ST-2 AVE,1/7/2017,0:00:00,119643511,1608
391,72 ST-2 AVE,1/7/2017,4:00:00,119643514,3
392,72 ST-2 AVE,1/7/2017,8:00:00,119643772,258
393,72 ST-2 AVE,1/7/2017,12:00:00,119645983,2211
394,72 ST-2 AVE,1/7/2017,16:00:00,119650087,4104
395,72 ST-2 AVE,1/7/2017,20:00:00,119634378,3628
396,72 ST-2 AVE,1/8/2017,0:00:00,119655873,1274
397,72 ST-2 AVE,1/8/2017,4:00:00,119655874,1
398,72 ST-2 AVE,1/8/2017,8:00:00,119656055,181
399,72 ST-2 AVE,1/8/2017,12:00:00,119657964,1909
400,72 ST-2 AVE,1/8/2017,16:00:00,119661775,3811
401,72 ST-2 AVE,1/8/2017,20:00:00,119664881,3106
402,72 ST-2 AVE,1/9/2017,0:00:00,119665740,859
403,72 ST-2 AVE,1/9/2017,4:00:00,119665740,0
404,72 ST-2 AVE,1/9/2017,8:00:00,119667171,1431
405,72 ST-2 AVE,1/9/2017,12:00:00,119648933,4715
406,72 ST-2 AVE,1/9/2017,16:00:00,119677505,4313
407,72 ST-2 AVE,1/9/2017,20:00:00,117529941,4771
408,72 ST-2 AVE,1/10/2017,0:00:00,119687673,1953
409,72 ST-2 AVE,1/10/2017,4:00:00,119687824,151
410,72 ST-2 AVE,1/10/2017,8:00:00,119689431,1607
411,72 ST-2 AVE,1/10/2017,12:00:00,119648114,4047
412,72 ST-2 AVE,1/10/2017,16:00:00,119700610,4820
413,72 ST-2 AVE,1/10/2017,20:00:00,117543743,5318
414,72 ST-2 AVE,1/11/2017,0:00:00,119711574,2060
415,72 ST-2 AVE,1/11/2017,4:00:00,119711732,158
416,72 ST-2 AVE,1/11/2017,8:00:00,119713292,1560
417,72 ST-2 AVE,1/11/2017,12:00:00,119665057,3845
418,72 ST-2 AVE,1/11/2017,16:00:00,119714813,5016
419,72 ST-2 AVE,1/11/2017,20:00:00,117535128,4439
420,72 ST-2 AVE,1/12/2017,0:00:00,119735833,2296
421,72 ST-2 AVE,1/12/2017,4:00:00,119736003,170
422,72 ST-2 AVE,1/12/2017,8:00:00,119737521,1518
423,72 ST-2 AVE,1/12/2017,12:00:00,119682019,3938
424,72 ST-2 AVE,1/12/2017,16:00:00,119748924,5035
425,72 ST-2 AVE,1/12/2017,20:00:00,117557805,4833
426,72 ST-2 AVE,1/13/2017,0:00:00,119760583,2438
427,72 ST-2 AVE,1/13/2017,4:00:00,119760750,167
428,72 ST-2 AVE,1/13/2017,8:00:00,119762153,1403
429,72 ST-2 AVE,1/13/2017,12:00:00,119699651,4067
430,72 ST-2 AVE,1/13/2017,16:00:00,119774141,5504
431,72 ST-2 AVE,1/13/2017,20:00:00,117587020,5538
432,72 ST-2 AVE,1/14/2017,0:00:00,119785957,2643
433,72 ST-2 AVE,1/14/2017,4:00:00,119786254,297
434,72 ST-2 AVE,1/14/2017,8:00:00,119786598,344
435,72 ST-2 AVE,1/14/2017,12:00:00,119789140,2542
436,72 ST-2 AVE,1/14/2017,16:00:00,119748238,3546
437,72 ST-2 AVE,1/14/2017,20:00:00,119797766,4179
438,72 ST-2 AVE,1/15/2017,0:00:00,119799778,2012
439,72 ST-2 AVE,1/15/2017,4:00:00,119800057,279
440,72 ST-2 AVE,1/15/2017,8:00:00,119800305,248
441,72 ST-2 AVE,1/15/2017,12:00:00,119802203,1898
442,72 ST-2 AVE,1/15/2017,16:00:00,119806268,4065
443,72 ST-2 AVE,1/15/2017,20:00:00,119809814,3546
444,72 ST-2 AVE,1/16/2017,0:00:00,119811303,1489
445,72 ST-2 AVE,1/16/2017,4:00:00,119811453,150
446,72 ST-2 AVE,1/16/2017,8:00:00,119812017,564
447,72 ST-2 AVE,1/16/2017,12:00:00,119815285,3268
448,72 ST-2 AVE,1/16/2017,16:00:00,119768970,3723
449,72 ST-2 AVE,1/16/2017,20:00:00,119825186,5287
450,72 ST-2 AVE,1/17/2017,0:00:00,119826942,1756
451,72 ST-2 AVE,1/17/2017,4:00:00,119827069,127
452,72 ST-2 AVE,1/17/2017,8:00:00,119828728,1659
453,72 ST-2 AVE,1/17/2017,12:00:00,119745580,4165
454,72 ST-2 AVE,1/17/2017,16:00:00,119840081,4936
455,72 ST-2 AVE,1/17/2017,20:00:00,117626359,5644
456,72 ST-2 AVE,1/18/2017,0:00:00,119851784,2254
457,72 ST-2 AVE,1/18/2017,4:00:00,119851930,146
458,72 ST-2 AVE,1/18/2017,8:00:00,119853630,1700
459,72 ST-2 AVE,1/18/2017,12:00:00,119763856,4230
460,72 ST-2 AVE,1/18/2017,16:00:00,119865262,5191
461,72 ST-2 AVE,1/18/2017,20:00:00,117619581,4687
462,72 ST-2 AVE,1/19/2017,0:00:00,119876731,2332
463,72 ST-2 AVE,1/19/2017,4:00:00,119876906,175
464,72 ST-2 AVE,1/19/2017,8:00:00,119878591,1685
465,72 ST-2 AVE,1/19/2017,12:00:00,119782027,4213
466,72 ST-2 AVE,1/19/2017,16:00:00,119890486,5312
467,72 ST-2 AVE,1/19/2017,20:00:00,117633136,5145
468,72 ST-2 AVE,1/20/2017,0:00:00,119903083,2541
469,72 ST-2 AVE,1/20/2017,4:00:00,119903255,172
470,72 ST-2 AVE,1/20/2017,8:00:00,119904780,1525
471,72 ST-2 AVE,1/20/2017,12:00:00,119800730,3945
472,72 ST-2 AVE,1/20/2017,16:00:00,119916361,5414
473,72 ST-2 AVE,1/20/2017,20:00:00,117671484,5638
474,72 ST-2 AVE,1/21/2017,0:00:00,119928612,2943
475,72 ST-2 AVE,1/21/2017,4:00:00,119928940,328
476,72 ST-2 AVE,1/21/2017,8:00:00,119929309,369
477,72 ST-2 AVE,1/21/2017,12:00:00,119931880,2571
478,72 ST-2 AVE,1/21/2017,16:00:00,119866088,3976
479,72 ST-2 AVE,1/21/2017,20:00:00,119870588,4500
480,72 ST-2 AVE,1/22/2017,0:00:00,119944662,2419
481,72 ST-2 AVE,1/22/2017,4:00:00,119944989,327
482,72 ST-2 AVE,1/22/2017,8:00:00,119945243,254
483,72 ST-2 AVE,1/22/2017,12:00:00,119947104,1861
484,72 ST-2 AVE,1/22/2017,16:00:00,119930880,3716
485,72 ST-2 AVE,1/22/2017,20:00:00,119954185,3365
486,72 ST-2 AVE,1/23/2017,0:00:00,119955530,1345
487,72 ST-2 AVE,1/23/2017,4:00:00,119955630,100
488,72 ST-2 AVE,1/23/2017,8:00:00,119957258,1628
489,72 ST-2 AVE,1/23/2017,12:00:00,119837592,4146
490,72 ST-2 AVE,1/23/2017,16:00:00,119968452,4798
491,72 ST-2 AVE,1/23/2017,20:00:00,117674372,4391
492,72 ST-2 AVE,1/24/2017,0:00:00,119979289,1997
493,72 ST-2 AVE,1/24/2017,4:00:00,119979497,208
494,72 ST-2 AVE,1/24/2017,8:00:00,119981282,1785
495,72 ST-2 AVE,1/24/2017,12:00:00,119855772,4448
496,72 ST-2 AVE,1/24/2017,16:00:00,119993002,4849
497,72 ST-2 AVE,1/24/2017,20:00:00,117687627,5006
498,72 ST-2 AVE,1/25/2017,0:00:00,120005294,2377
499,72 ST-2 AVE,1/25/2017,4:00:00,120005497,203
500,72 ST-2 AVE,1/25/2017,8:00:00,120007195,1698
501,72 ST-2 AVE,1/25/2017,12:00:00,119874887,4479
502,72 ST-2 AVE,1/25/2017,16:00:00,120019549,5460
503,72 ST-2 AVE,1/25/2017,20:00:00,117701547,5049
504,72 ST-2 AVE,1/26/2017,0:00:00,120031969,2485
505,72 ST-2 AVE,1/26/2017,4:00:00,120032185,216
506,72 ST-2 AVE,1/26/2017,8:00:00,120033830,1645
507,72 ST-2 AVE,1/26/2017,12:00:00,119894294,4372
508,72 ST-2 AVE,1/26/2017,16:00:00,120046008,5294
509,72 ST-2 AVE,1/26/2017,20:00:00,117715256,5085
510,72 ST-2 AVE,1/27/2017,0:00:00,120058317,2642
511,72 ST-2 AVE,1/27/2017,4:00:00,120058562,245
512,72 ST-2 AVE,1/27/2017,8:00:00,120060071,1509
513,72 ST-2 AVE,1/27/2017,12:00:00,119913288,4253
514,72 ST-2 AVE,1/27/2017,16:00:00,120072197,5608
515,72 ST-2 AVE,1/27/2017,20:00:00,117764349,5835
516,72 ST-2 AVE,1/28/2017,0:00:00,120084879,3068
517,72 ST-2 AVE,1/28/2017,4:00:00,120085229,350
518,72 ST-2 AVE,1/28/2017,8:00:00,120085576,347
519,72 ST-2 AVE,1/28/2017,12:00:00,120088408,2832
520,72 ST-2 AVE,1/28/2017,16:00:00,119996029,4021
521,72 ST-2 AVE,1/28/2017,20:00:00,120000188,4159
522,72 ST-2 AVE,1/29/2017,0:00:00,120101148,2532
523,72 ST-2 AVE,1/29/2017,4:00:00,120101500,352
524,72 ST-2 AVE,1/29/2017,8:00:00,120101734,234
525,72 ST-2 AVE,1/29/2017,12:00:00,120103809,2075
526,72 ST-2 AVE,1/29/2017,16:00:00,120007577,3310
527,72 ST-2 AVE,1/29/2017,20:00:00,120111424,3395
528,72 ST-2 AVE,1/30/2017,0:00:00,120112935,1511
529,72 ST-2 AVE,1/30/2017,4:00:00,120113050,115
530,72 ST-2 AVE,1/30/2017,8:00:00,120114662,1612
531,72 ST-2 AVE,1/30/2017,12:00:00,119951047,4249
532,72 ST-2 AVE,1/30/2017,16:00:00,120126424,5171
533,72 ST-2 AVE,1/30/2017,20:00:00,117796693,5695
534,72 ST-2 AVE,1/31/2017,0:00:00,120138356,2403
535,72 ST-2 AVE,1/31/2017,4:00:00,120138527,171
536,72 ST-2 AVE,1/31/2017,8:00:00,120140324,1797
537,72 ST-2 AVE,1/31/2017,12:00:00,119886082,3920
538,72 ST-2 AVE,1/31/2017,16:00:00,120152540,4917
539,72 ST-2 AVE,1/31/2017,20:00:00,117772306,5190
540,72 ST-2 AVE,2/1/2017,0:00:00,120165061,2466
541,72 ST-2 AVE,2/1/2017,4:00:00,120165272,211
542,72 ST-2 AVE,2/1/2017,8:00:00,120167064,1792
543,72 ST-2 AVE,2/1/2017,12:00:00,119990129,4473
544,72 ST-2 AVE,2/1/2017,16:00:00,120179297,5310
545,72 ST-2 AVE,2/1/2017,20:00:00,117786346,5270
546,72 ST-2 AVE,2/2/2017,0:00:00,120192277,2769
547,72 ST-2 AVE,2/2/2017,4:00:00,120192488,211
548,72 ST-2 AVE,2/2/2017,8:00:00,120194197,1709
549,72 ST-2 AVE,2/2/2017,12:00:00,120010349,4622
550,72 ST-2 AVE,2/2/2017,16:00:00,120206664,5478
551,72 ST-2 AVE,2/2/2017,20:00:00,117800889,5290
552,72 ST-2 AVE,2/3/2017,0:00:00,120219774,2827
553,72 ST-2 AVE,2/3/2017,4:00:00,120220002,228
554,72 ST-2 AVE,2/3/2017,8:00:00,120221598,1596
555,72 ST-2 AVE,2/3/2017,12:00:00,120030296,4374
556,72 ST-2 AVE,2/3/2017,16:00:00,120136392,4908
557,72 ST-2 AVE,2/3/2017,20:00:00,117815263,5285
558,72 ST-2 AVE,2/4/2017,0:00:00,120247259,3047
559,72 ST-2 AVE,2/4/2017,4:00:00,120247644,385
560,72 ST-2 AVE,2/4/2017,8:00:00,120248012,368
561,72 ST-2 AVE,2/4/2017,12:00:00,120250708,2696
562,72 ST-2 AVE,2/4/2017,16:00:00,120130579,3768
563,72 ST-2 AVE,2/4/2017,20:00:00,120134322,3743
564,72 ST-2 AVE,2/5/2017,0:00:00,120262457,2399
565,72 ST-2 AVE,2/5/2017,4:00:00,120262807,350
566,72 ST-2 AVE,2/5/2017,8:00:00,120263064,257
567,72 ST-2 AVE,2/5/2017,12:00:00,120265087,2023
568,72 ST-2 AVE,2/5/2017,16:00:00,120268678,3591
569,72 ST-2 AVE,2/5/2017,20:00:00,120272044,3366
570,72 ST-2 AVE,2/6/2017,0:00:00,120274077,2033
571,72 ST-2 AVE,2/6/2017,4:00:00,120274228,151
572,72 ST-2 AVE,2/6/2017,8:00:00,120275825,1597
573,72 ST-2 AVE,2/6/2017,12:00:00,120068536,4305
574,72 ST-2 AVE,2/6/2017,16:00:00,120287561,5077
575,72 ST-2 AVE,2/6/2017,20:00:00,117843685,4941
576,72 ST-2 AVE,2/7/2017,0:00:00,120299741,2459
577,72 ST-2 AVE,2/7/2017,4:00:00,120299916,175
578,72 ST-2 AVE,2/7/2017,8:00:00,120301744,1828
579,72 ST-2 AVE,2/7/2017,12:00:00,120088181,4751
580,72 ST-2 AVE,2/7/2017,16:00:00,120205261,4448
581,72 ST-2 AVE,2/7/2017,20:00:00,117858086,5353
582,72 ST-2 AVE,2/8/2017,0:00:00,120327209,2480
583,72 ST-2 AVE,2/8/2017,4:00:00,120327418,209
584,72 ST-2 AVE,2/8/2017,8:00:00,120329189,1771
585,72 ST-2 AVE,2/8/2017,12:00:00,120108272,4526
586,72 ST-2 AVE,2/8/2017,16:00:00,120341597,5546
587,72 ST-2 AVE,2/8/2017,20:00:00,120042592,6191
588,72 ST-2 AVE,2/9/2017,0:00:00,120354568,2653
589,72 ST-2 AVE,2/9/2017,4:00:00,120354786,218
590,72 ST-2 AVE,2/9/2017,8:00:00,120356110,1324
591,72 ST-2 AVE,2/9/2017,12:00:00,120218219,4158
592,72 ST-2 AVE,2/9/2017,16:00:00,120365543,4231
593,72 ST-2 AVE,2/9/2017,20:00:00,120254044,5327
594,72 ST-2 AVE,2/10/2017,0:00:00,120373908,1899
595,72 ST-2 AVE,2/10/2017,4:00:00,120374081,173
596,72 ST-2 AVE,2/10/2017,8:00:00,120375876,1795
597,72 ST-2 AVE,2/10/2017,12:00:00,120143550,4908
598,72 ST-2 AVE,2/10/2017,16:00:00,120268548,4848
599,72 ST-2 AVE,2/10/2017,20:00:00,117897726,5682
600,72 ST-2 AVE,2/11/2017,0:00:00,120402333,3018
601,72 ST-2 AVE,2/11/2017,4:00:00,120402736,403
602,72 ST-2 AVE,2/11/2017,8:00:00,120403083,347
603,72 ST-2 AVE,2/11/2017,12:00:00,120405798,2715
604,72 ST-2 AVE,2/11/2017,16:00:00,120259818,3855
605,72 ST-2 AVE,2/11/2017,20:00:00,120264498,4680
606,72 ST-2 AVE,2/12/2017,0:00:00,120418975,2645
607,72 ST-2 AVE,2/12/2017,4:00:00,120419388,413
608,72 ST-2 AVE,2/12/2017,8:00:00,120419626,238
609,72 ST-2 AVE,2/12/2017,12:00:00,120421539,1913
610,72 ST-2 AVE,2/12/2017,16:00:00,120425016,3477
611,72 ST-2 AVE,2/12/2017,20:00:00,120428002,2986
612,72 ST-2 AVE,2/13/2017,0:00:00,120429382,1380
613,72 ST-2 AVE,2/13/2017,4:00:00,120429498,116
614,72 ST-2 AVE,2/13/2017,8:00:00,120431278,1780
615,72 ST-2 AVE,2/13/2017,12:00:00,120182758,4616
616,72 ST-2 AVE,2/13/2017,16:00:00,120443264,5136
617,72 ST-2 AVE,2/13/2017,20:00:00,117926927,5065
618,72 ST-2 AVE,2/14/2017,0:00:00,120455599,2443
619,72 ST-2 AVE,2/14/2017,4:00:00,120455792,193
620,72 ST-2 AVE,2/14/2017,8:00:00,120457676,1884
621,72 ST-2 AVE,2/14/2017,12:00:00,120072496,3752
622,72 ST-2 AVE,2/14/2017,16:00:00,120339296,4607
623,72 ST-2 AVE,2/14/2017,20:00:00,117941598,5663
624,72 ST-2 AVE,2/15/2017,0:00:00,120483493,2547
625,72 ST-2 AVE,2/15/2017,4:00:00,120483765,272
626,72 ST-2 AVE,2/15/2017,8:00:00,120485622,1857
627,72 ST-2 AVE,2/15/2017,12:00:00,120223261,4673
628,72 ST-2 AVE,2/15/2017,16:00:00,120363265,4741
629,72 ST-2 AVE,2/15/2017,20:00:00,117956208,5388
630,72 ST-2 AVE,2/16/2017,0:00:00,120511403,2736
631,72 ST-2 AVE,2/16/2017,4:00:00,120511591,188
632,72 ST-2 AVE,2/16/2017,8:00:00,120513438,1847
633,72 ST-2 AVE,2/16/2017,12:00:00,120105554,3831
634,72 ST-2 AVE,2/16/2017,16:00:00,120386899,4711
635,72 ST-2 AVE,2/16/2017,20:00:00,117970756,5332
636,72 ST-2 AVE,2/17/2017,0:00:00,120539401,2813
637,72 ST-2 AVE,2/17/2017,4:00:00,120539604,203
638,72 ST-2 AVE,2/17/2017,8:00:00,120541174,1570
639,72 ST-2 AVE,2/17/2017,12:00:00,120264385,4552
640,72 ST-2 AVE,2/17/2017,16:00:00,120379336,5151
641,72 ST-2 AVE,2/17/2017,20:00:00,117985460,5173
642,72 ST-2 AVE,2/18/2017,0:00:00,120566575,2874
643,72 ST-2 AVE,2/18/2017,4:00:00,120566869,294
644,72 ST-2 AVE,2/18/2017,8:00:00,120567242,373
645,72 ST-2 AVE,2/18/2017,12:00:00,120569810,2568
646,72 ST-2 AVE,2/18/2017,16:00:00,120574189,4379
647,72 ST-2 AVE,2/18/2017,20:00:00,120578482,4293
648,72 ST-2 AVE,2/19/2017,0:00:00,120580672,2190
649,72 ST-2 AVE,2/19/2017,4:00:00,120580992,320
650,72 ST-2 AVE,2/19/2017,8:00:00,120581224,232
651,72 ST-2 AVE,2/19/2017,12:00:00,120583385,2161
652,72 ST-2 AVE,2/19/2017,16:00:00,120587192,3807
653,72 ST-2 AVE,2/19/2017,20:00:00,120590458,3266
654,72 ST-2 AVE,2/20/2017,0:00:00,120591864,1406
655,72 ST-2 AVE,2/20/2017,4:00:00,120592037,173
656,72 ST-2 AVE,2/20/2017,8:00:00,120592573,536
657,72 ST-2 AVE,2/20/2017,12:00:00,120595702,3129
658,72 ST-2 AVE,2/20/2017,16:00:00,120599827,4125
659,72 ST-2 AVE,2/20/2017,20:00:00,120604601,4774
660,72 ST-2 AVE,2/21/2017,0:00:00,120606333,1732
661,72 ST-2 AVE,2/21/2017,4:00:00,120606495,162
662,72 ST-2 AVE,2/21/2017,8:00:00,120608072,1577
663,72 ST-2 AVE,2/21/2017,12:00:00,120429314,5343
664,72 ST-2 AVE,2/21/2017,16:00:00,120619769,5054
665,72 ST-2 AVE,2/21/2017,20:00:00,118092234,5792
666,72 ST-2 AVE,2/22/2017,0:00:00,120631754,2403
667,72 ST-2 AVE,2/22/2017,4:00:00,120631941,187
668,72 ST-2 AVE,2/22/2017,8:00:00,120633573,1632
669,72 ST-2 AVE,2/22/2017,12:00:00,120175864,3789
670,72 ST-2 AVE,2/22/2017,16:00:00,120645818,5235
671,72 ST-2 AVE,2/22/2017,20:00:00,118062519,5118
672,72 ST-2 AVE,2/23/2017,0:00:00,120658548,2592
673,72 ST-2 AVE,2/23/2017,4:00:00,120658772,224
674,72 ST-2 AVE,2/23/2017,8:00:00,120660399,1627
675,72 ST-2 AVE,2/23/2017,12:00:00,120351373,4448
676,72 ST-2 AVE,2/23/2017,16:00:00,120672471,5299
677,72 ST-2 AVE,2/23/2017,20:00:00,118003934,5022
678,72 ST-2 AVE,2/24/2017,0:00:00,120612721,2828
679,72 ST-2 AVE,2/24/2017,4:00:00,120612963,242
680,72 ST-2 AVE,2/24/2017,8:00:00,120614416,1453
681,72 ST-2 AVE,2/24/2017,12:00:00,120373092,4727
682,72 ST-2 AVE,2/24/2017,16:00:00,120626336,5895
683,72 ST-2 AVE,2/24/2017,20:00:00,118017326,4880
684,72 ST-2 AVE,2/25/2017,0:00:00,120638628,2889
685,72 ST-2 AVE,2/25/2017,4:00:00,120638953,325
686,72 ST-2 AVE,2/25/2017,8:00:00,120639395,442
687,72 ST-2 AVE,2/25/2017,12:00:00,120642292,2746
688,72 ST-2 AVE,2/25/2017,16:00:00,120444991,3642
689,72 ST-2 AVE,2/25/2017,20:00:00,120448603,3612
690,72 ST-2 AVE,2/26/2017,0:00:00,120653448,2088
691,72 ST-2 AVE,2/26/2017,4:00:00,120653787,339
692,72 ST-2 AVE,2/26/2017,8:00:00,120654062,275
693,72 ST-2 AVE,2/26/2017,12:00:00,120656317,2255
694,72 ST-2 AVE,2/26/2017,16:00:00,120660255,3938
695,72 ST-2 AVE,2/26/2017,20:00:00,120663512,3257
696,72 ST-2 AVE,2/27/2017,0:00:00,120664868,1356
697,72 ST-2 AVE,2/27/2017,4:00:00,120665041,173
698,72 ST-2 AVE,2/27/2017,8:00:00,120666800,1759
699,72 ST-2 AVE,2/27/2017,12:00:00,120335799,4543
700,72 ST-2 AVE,2/27/2017,16:00:00,120678868,5308
701,72 ST-2 AVE,2/27/2017,20:00:00,118046265,4805
702,72 ST-2 AVE,2/28/2017,0:00:00,120691300,2478
703,72 ST-2 AVE,2/28/2017,4:00:00,120691481,181
704,72 ST-2 AVE,2/28/2017,8:00:00,120693331,1850
705,72 ST-2 AVE,2/28/2017,12:00:00,120355545,4544
706,72 ST-2 AVE,2/28/2017,16:00:00,120493338,4714
707,72 ST-2 AVE,2/28/2017,20:00:00,118110784,5679
1417,86 ST-2 AVE,1/1/2017,0:00:00,81,48
1418,86 ST-2 AVE,1/1/2017,4:00:00,36569565,0
1419,86 ST-2 AVE,1/1/2017,8:00:00,36569565,0
1420,86 ST-2 AVE,1/1/2017,12:00:00,36569579,14
1421,86 ST-2 AVE,1/1/2017,16:00:00,36571533,2109
1422,86 ST-2 AVE,1/1/2017,20:00:00,36576967,2999
1423,86 ST-2 AVE,1/2/2017,0:00:00,36582886,1114
1424,86 ST-2 AVE,1/2/2017,4:00:00,36582893,7
1425,86 ST-2 AVE,1/2/2017,8:00:00,36583071,178
1426,86 ST-2 AVE,1/2/2017,12:00:00,36585661,2590
1427,86 ST-2 AVE,1/2/2017,16:00:00,36575757,1701
1428,86 ST-2 AVE,1/2/2017,20:00:00,36586128,2895
1429,86 ST-2 AVE,1/3/2017,0:00:00,36597119,952
1430,86 ST-2 AVE,1/3/2017,4:00:00,36597122,3
1431,86 ST-2 AVE,1/3/2017,8:00:00,36598897,1775
1432,86 ST-2 AVE,1/3/2017,12:00:00,36585611,3107
1433,86 ST-2 AVE,1/3/2017,16:00:00,36608589,3202
1434,86 ST-2 AVE,1/3/2017,20:00:00,36612931,4342
1435,86 ST-2 AVE,1/4/2017,0:00:00,36613909,978
1436,86 ST-2 AVE,1/4/2017,4:00:00,36613910,1
1437,86 ST-2 AVE,1/4/2017,8:00:00,36615815,1905
1438,86 ST-2 AVE,1/4/2017,12:00:00,36594142,3805
1439,86 ST-2 AVE,1/4/2017,16:00:00,57975,3429
1440,86 ST-2 AVE,1/4/2017,20:00:00,62611,4635
1441,86 ST-2 AVE,1/5/2017,0:00:00,63683,1072
1442,86 ST-2 AVE,1/5/2017,4:00:00,63687,4
1443,86 ST-2 AVE,1/5/2017,8:00:00,65616,1929
1444,86 ST-2 AVE,1/5/2017,12:00:00,36596331,3079
1445,86 ST-2 AVE,1/5/2017,16:00:00,36645938,3281
1446,86 ST-2 AVE,1/5/2017,20:00:00,36650653,4715
1447,86 ST-2 AVE,1/6/2017,0:00:00,36651748,1095
1448,86 ST-2 AVE,1/6/2017,4:00:00,36651748,0
1449,86 ST-2 AVE,1/6/2017,8:00:00,36653546,1798
1450,86 ST-2 AVE,1/6/2017,12:00:00,36603225,3118
1451,86 ST-2 AVE,1/6/2017,16:00:00,36664880,3508
1452,86 ST-2 AVE,1/6/2017,20:00:00,36616306,2544
1453,86 ST-2 AVE,1/7/2017,0:00:00,36671794,1603
1454,86 ST-2 AVE,1/7/2017,4:00:00,36671796,2
1455,86 ST-2 AVE,1/7/2017,8:00:00,36672001,205
1456,86 ST-2 AVE,1/7/2017,12:00:00,36638273,1774
1457,86 ST-2 AVE,1/7/2017,16:00:00,36658280,5180
1458,86 ST-2 AVE,1/7/2017,20:00:00,36623787,2788
1459,86 ST-2 AVE,1/8/2017,0:00:00,36687161,1574
1460,86 ST-2 AVE,1/8/2017,4:00:00,36687163,2
1461,86 ST-2 AVE,1/8/2017,8:00:00,36687317,154
1462,86 ST-2 AVE,1/8/2017,12:00:00,36689782,2465
1463,86 ST-2 AVE,1/8/2017,16:00:00,36649045,3335
1464,86 ST-2 AVE,1/8/2017,20:00:00,36698728,3749
1465,86 ST-2 AVE,1/9/2017,0:00:00,36699654,926
1466,86 ST-2 AVE,1/9/2017,4:00:00,36699656,2
1467,86 ST-2 AVE,1/9/2017,8:00:00,36701848,2192
1468,86 ST-2 AVE,1/9/2017,12:00:00,36621867,3461
1469,86 ST-2 AVE,1/9/2017,16:00:00,36712831,2723
1470,86 ST-2 AVE,1/9/2017,20:00:00,36687781,3113
1471,86 ST-2 AVE,1/10/2017,0:00:00,36718565,1497
1472,86 ST-2 AVE,1/10/2017,4:00:00,36718678,113
1473,86 ST-2 AVE,1/10/2017,8:00:00,36720863,2185
1474,86 ST-2 AVE,1/10/2017,12:00:00,36629112,3401
1475,86 ST-2 AVE,1/10/2017,16:00:00,36732385,3075
1476,86 ST-2 AVE,1/10/2017,20:00:00,36736996,4611
1477,86 ST-2 AVE,1/11/2017,0:00:00,36738642,1646
1478,86 ST-2 AVE,1/11/2017,4:00:00,36738762,120
1479,86 ST-2 AVE,1/11/2017,8:00:00,36740994,2232
1480,86 ST-2 AVE,1/11/2017,12:00:00,36620911,2492
1481,86 ST-2 AVE,1/11/2017,16:00:00,36752394,3011
1482,86 ST-2 AVE,1/11/2017,20:00:00,36719945,3878
1483,86 ST-2 AVE,1/12/2017,0:00:00,36758997,1840
1484,86 ST-2 AVE,1/12/2017,4:00:00,36759133,136
1485,86 ST-2 AVE,1/12/2017,8:00:00,36761324,2191
1486,86 ST-2 AVE,1/12/2017,12:00:00,36626451,2409
1487,86 ST-2 AVE,1/12/2017,16:00:00,36773191,3389
1488,86 ST-2 AVE,1/12/2017,20:00:00,36736748,4166
1489,86 ST-2 AVE,1/13/2017,0:00:00,36780316,1959
1490,86 ST-2 AVE,1/13/2017,4:00:00,36780495,179
1491,86 ST-2 AVE,1/13/2017,8:00:00,36782532,2037
1492,86 ST-2 AVE,1/13/2017,12:00:00,36651721,3229
1493,86 ST-2 AVE,1/13/2017,16:00:00,36794276,3454
1494,86 ST-2 AVE,1/13/2017,20:00:00,36680530,2670
1495,86 ST-2 AVE,1/14/2017,0:00:00,36802216,2558
1496,86 ST-2 AVE,1/14/2017,4:00:00,36802678,462
1497,86 ST-2 AVE,1/14/2017,8:00:00,36803006,328
1498,86 ST-2 AVE,1/14/2017,12:00:00,36806358,3352
1499,86 ST-2 AVE,1/14/2017,16:00:00,36724067,3617
1500,86 ST-2 AVE,1/14/2017,20:00:00,36729651,3451
1501,86 ST-2 AVE,1/15/2017,0:00:00,36820086,2749
1502,86 ST-2 AVE,1/15/2017,4:00:00,36820598,512
1503,86 ST-2 AVE,1/15/2017,8:00:00,36820814,216
1504,86 ST-2 AVE,1/15/2017,12:00:00,36823482,2668
1505,86 ST-2 AVE,1/15/2017,16:00:00,36734791,3436
1506,86 ST-2 AVE,1/15/2017,20:00:00,36780517,3426
1507,86 ST-2 AVE,1/16/2017,0:00:00,36835035,1920
1508,86 ST-2 AVE,1/16/2017,4:00:00,36835230,195
1509,86 ST-2 AVE,1/16/2017,8:00:00,36835884,654
1510,86 ST-2 AVE,1/16/2017,12:00:00,36785833,3245
1511,86 ST-2 AVE,1/16/2017,16:00:00,36789634,3801
1512,86 ST-2 AVE,1/16/2017,20:00:00,36849113,4110
1513,86 ST-2 AVE,1/17/2017,0:00:00,36850565,1452
1514,86 ST-2 AVE,1/17/2017,4:00:00,36850690,125
1515,86 ST-2 AVE,1/17/2017,8:00:00,36853001,2311
1516,86 ST-2 AVE,1/17/2017,12:00:00,36651114,2469
1517,86 ST-2 AVE,1/17/2017,16:00:00,36864274,2891
1518,86 ST-2 AVE,1/17/2017,20:00:00,36808593,3688
1519,86 ST-2 AVE,1/18/2017,0:00:00,36870592,1738
1520,86 ST-2 AVE,1/18/2017,4:00:00,36870756,164
1521,86 ST-2 AVE,1/18/2017,8:00:00,36873158,2402
1522,86 ST-2 AVE,1/18/2017,12:00:00,36656782,2728
1523,86 ST-2 AVE,1/18/2017,16:00:00,36834733,2955
1524,86 ST-2 AVE,1/18/2017,20:00:00,36825408,3811
1525,86 ST-2 AVE,1/19/2017,0:00:00,36891591,1789
1526,86 ST-2 AVE,1/19/2017,4:00:00,36891729,138
1527,86 ST-2 AVE,1/19/2017,8:00:00,36894060,2331
1528,86 ST-2 AVE,1/19/2017,12:00:00,36662879,2769
1529,86 ST-2 AVE,1/19/2017,16:00:00,36906243,3349
1530,86 ST-2 AVE,1/19/2017,20:00:00,36788348,3371
1531,86 ST-2 AVE,1/20/2017,0:00:00,36913401,1936
1532,86 ST-2 AVE,1/20/2017,4:00:00,36913588,187
1533,86 ST-2 AVE,1/20/2017,8:00:00,36915734,2146
1534,86 ST-2 AVE,1/20/2017,12:00:00,36668632,2452
1535,86 ST-2 AVE,1/20/2017,16:00:00,36927589,3532
1536,86 ST-2 AVE,1/20/2017,20:00:00,36859690,4185
1537,86 ST-2 AVE,1/21/2017,0:00:00,36935294,2543
1538,86 ST-2 AVE,1/21/2017,4:00:00,36935664,370
1539,86 ST-2 AVE,1/21/2017,8:00:00,36936011,347
1540,86 ST-2 AVE,1/21/2017,12:00:00,36939404,3393
1541,86 ST-2 AVE,1/21/2017,16:00:00,36809786,3699
1542,86 ST-2 AVE,1/21/2017,20:00:00,36874132,4603
1543,86 ST-2 AVE,1/22/2017,0:00:00,36953733,2956
1544,86 ST-2 AVE,1/22/2017,4:00:00,36954272,539
1545,86 ST-2 AVE,1/22/2017,8:00:00,36954466,194
1546,86 ST-2 AVE,1/22/2017,12:00:00,36956921,2455
1547,86 ST-2 AVE,1/22/2017,16:00:00,36882752,3819
1548,86 ST-2 AVE,1/22/2017,20:00:00,36965110,3384
1549,86 ST-2 AVE,1/23/2017,0:00:00,36966583,1473
1550,86 ST-2 AVE,1/23/2017,4:00:00,36966701,118
1551,86 ST-2 AVE,1/23/2017,8:00:00,36969011,2310
1552,86 ST-2 AVE,1/23/2017,12:00:00,36683099,2522
1553,86 ST-2 AVE,1/23/2017,16:00:00,36980580,2997
1554,86 ST-2 AVE,1/23/2017,20:00:00,36984717,4137
1555,86 ST-2 AVE,1/24/2017,0:00:00,36986127,1410
1556,86 ST-2 AVE,1/24/2017,4:00:00,36986222,95
1557,86 ST-2 AVE,1/24/2017,8:00:00,36988638,2416
1558,86 ST-2 AVE,1/24/2017,12:00:00,36688710,2808
1559,86 ST-2 AVE,1/24/2017,16:00:00,37000799,3148
1560,86 ST-2 AVE,1/24/2017,20:00:00,36918076,3967
1561,86 ST-2 AVE,1/25/2017,0:00:00,37007559,1894
1562,86 ST-2 AVE,1/25/2017,4:00:00,37007715,156
1563,86 ST-2 AVE,1/25/2017,8:00:00,37010088,2373
1564,86 ST-2 AVE,1/25/2017,12:00:00,36694649,2725
1565,86 ST-2 AVE,1/25/2017,16:00:00,36932121,3116
1566,86 ST-2 AVE,1/25/2017,20:00:00,36936442,4321
1567,86 ST-2 AVE,1/26/2017,0:00:00,37030701,2035
1568,86 ST-2 AVE,1/26/2017,4:00:00,37030840,139
1569,86 ST-2 AVE,1/26/2017,8:00:00,37033154,2314
1570,86 ST-2 AVE,1/26/2017,12:00:00,36700727,2727
1571,86 ST-2 AVE,1/26/2017,16:00:00,37045932,3558
1572,86 ST-2 AVE,1/26/2017,20:00:00,36954376,4262
1573,86 ST-2 AVE,1/27/2017,0:00:00,37053348,2209
1574,86 ST-2 AVE,1/27/2017,4:00:00,37053560,212
1575,86 ST-2 AVE,1/27/2017,8:00:00,37055662,2102
1576,86 ST-2 AVE,1/27/2017,12:00:00,36706700,2664
1577,86 ST-2 AVE,1/27/2017,16:00:00,37068266,3840
1578,86 ST-2 AVE,1/27/2017,20:00:00,36820761,3059
1579,86 ST-2 AVE,1/28/2017,0:00:00,37077006,2832
1580,86 ST-2 AVE,1/28/2017,4:00:00,37077427,421
1581,86 ST-2 AVE,1/28/2017,8:00:00,37077753,326
1582,86 ST-2 AVE,1/28/2017,12:00:00,37081341,3588
1583,86 ST-2 AVE,1/28/2017,16:00:00,36827473,2920
1584,86 ST-2 AVE,1/28/2017,20:00:00,36830496,3023
1585,86 ST-2 AVE,1/29/2017,0:00:00,37096587,3266
1586,86 ST-2 AVE,1/29/2017,4:00:00,37097177,590
1587,86 ST-2 AVE,1/29/2017,8:00:00,37097406,229
1588,86 ST-2 AVE,1/29/2017,12:00:00,37100393,2987
1589,86 ST-2 AVE,1/29/2017,16:00:00,36998383,4369
1590,86 ST-2 AVE,1/29/2017,20:00:00,37109504,3774
1591,86 ST-2 AVE,1/30/2017,0:00:00,37111110,1606
1592,86 ST-2 AVE,1/30/2017,4:00:00,37111264,154
1593,86 ST-2 AVE,1/30/2017,8:00:00,37113558,2294
1594,86 ST-2 AVE,1/30/2017,12:00:00,36723050,2777
1595,86 ST-2 AVE,1/30/2017,16:00:00,37125753,3345
1596,86 ST-2 AVE,1/30/2017,20:00:00,37130438,4685
1597,86 ST-2 AVE,1/31/2017,0:00:00,37132191,1753
1598,86 ST-2 AVE,1/31/2017,4:00:00,37132320,129
1599,86 ST-2 AVE,1/31/2017,8:00:00,37134919,2599
1600,86 ST-2 AVE,1/31/2017,12:00:00,36729119,2875
1601,86 ST-2 AVE,1/31/2017,16:00:00,37147480,3186
1602,86 ST-2 AVE,1/31/2017,20:00:00,37036017,4047
1603,86 ST-2 AVE,2/1/2017,0:00:00,37154342,1897
1604,86 ST-2 AVE,2/1/2017,4:00:00,37154494,152
1605,86 ST-2 AVE,2/1/2017,8:00:00,37157055,2561
1606,86 ST-2 AVE,2/1/2017,12:00:00,36735269,2888
1607,86 ST-2 AVE,2/1/2017,16:00:00,37169915,3470
1608,86 ST-2 AVE,2/1/2017,20:00:00,37054194,4295
1609,86 ST-2 AVE,2/2/2017,0:00:00,37177243,2118
1610,86 ST-2 AVE,2/2/2017,4:00:00,37177386,143
1611,86 ST-2 AVE,2/2/2017,8:00:00,37179803,2417
1612,86 ST-2 AVE,2/2/2017,12:00:00,36741503,2911
1613,86 ST-2 AVE,2/2/2017,16:00:00,37192677,3455
1614,86 ST-2 AVE,2/2/2017,20:00:00,37072634,4408
1615,86 ST-2 AVE,2/3/2017,0:00:00,37200325,2220
1616,86 ST-2 AVE,2/3/2017,4:00:00,37200518,193
1617,86 ST-2 AVE,2/3/2017,8:00:00,37202812,2294
1618,86 ST-2 AVE,2/3/2017,12:00:00,36747779,2703
1619,86 ST-2 AVE,2/3/2017,16:00:00,37215481,3749
1620,86 ST-2 AVE,2/3/2017,20:00:00,36989606,3855
1621,86 ST-2 AVE,2/4/2017,0:00:00,37224163,2861
1622,86 ST-2 AVE,2/4/2017,4:00:00,37224610,447
1623,86 ST-2 AVE,2/4/2017,8:00:00,37224974,364
1624,86 ST-2 AVE,2/4/2017,12:00:00,37228396,3422
1625,86 ST-2 AVE,2/4/2017,16:00:00,36998054,3843
1626,86 ST-2 AVE,2/4/2017,20:00:00,36907452,3130
1627,86 ST-2 AVE,2/5/2017,0:00:00,37243427,3103
1628,86 ST-2 AVE,2/5/2017,4:00:00,37243982,555
1629,86 ST-2 AVE,2/5/2017,8:00:00,37244253,271
1630,86 ST-2 AVE,2/5/2017,12:00:00,37246977,2724
1631,86 ST-2 AVE,2/5/2017,16:00:00,37115707,3809
1632,86 ST-2 AVE,2/5/2017,20:00:00,37256043,4289
1633,86 ST-2 AVE,2/6/2017,0:00:00,37258565,2522
1634,86 ST-2 AVE,2/6/2017,4:00:00,37258723,158
1635,86 ST-2 AVE,2/6/2017,8:00:00,37261067,2344
1636,86 ST-2 AVE,2/6/2017,12:00:00,36764219,2737
1637,86 ST-2 AVE,2/6/2017,16:00:00,37273164,3111
1638,86 ST-2 AVE,2/6/2017,20:00:00,37277820,4656
1639,86 ST-2 AVE,2/7/2017,0:00:00,37279548,1728
1640,86 ST-2 AVE,2/7/2017,4:00:00,37279688,140
1641,86 ST-2 AVE,2/7/2017,8:00:00,37282349,2661
1642,86 ST-2 AVE,2/7/2017,12:00:00,36770389,3056
1643,86 ST-2 AVE,2/7/2017,16:00:00,37295266,3226
1644,86 ST-2 AVE,2/7/2017,20:00:00,37154531,4090
1645,86 ST-2 AVE,2/8/2017,0:00:00,37301976,1708
1646,86 ST-2 AVE,2/8/2017,4:00:00,37302106,130
1647,86 ST-2 AVE,2/8/2017,8:00:00,37304766,2660
1648,86 ST-2 AVE,2/8/2017,12:00:00,36776478,2880
1649,86 ST-2 AVE,2/8/2017,16:00:00,37317470,3372
1650,86 ST-2 AVE,2/8/2017,20:00:00,37074484,3569
1651,86 ST-2 AVE,2/9/2017,0:00:00,37324999,2088
1652,86 ST-2 AVE,2/9/2017,4:00:00,37325180,181
1653,86 ST-2 AVE,2/9/2017,8:00:00,37326969,1789
1654,86 ST-2 AVE,2/9/2017,12:00:00,36962767,3351
1655,86 ST-2 AVE,2/9/2017,16:00:00,37335813,2349
1656,86 ST-2 AVE,2/9/2017,20:00:00,37339493,3680
1657,86 ST-2 AVE,2/10/2017,0:00:00,37340808,1315
1658,86 ST-2 AVE,2/10/2017,4:00:00,37340976,168
1659,86 ST-2 AVE,2/10/2017,8:00:00,37343558,2582
1660,86 ST-2 AVE,2/10/2017,12:00:00,36787109,3091
1661,86 ST-2 AVE,2/10/2017,16:00:00,37356779,3666
1662,86 ST-2 AVE,2/10/2017,20:00:00,37081714,3857
1663,86 ST-2 AVE,2/11/2017,0:00:00,37365643,2919
1664,86 ST-2 AVE,2/11/2017,4:00:00,37366090,447
1665,86 ST-2 AVE,2/11/2017,8:00:00,37366483,393
1666,86 ST-2 AVE,2/11/2017,12:00:00,37370081,3598
1667,86 ST-2 AVE,2/11/2017,16:00:00,37089901,3579
1668,86 ST-2 AVE,2/11/2017,20:00:00,36981383,3105
1669,86 ST-2 AVE,2/12/2017,0:00:00,37385111,3280
1670,86 ST-2 AVE,2/12/2017,4:00:00,37385657,546
1671,86 ST-2 AVE,2/12/2017,8:00:00,37385915,258
1672,86 ST-2 AVE,2/12/2017,12:00:00,37388358,2443
1673,86 ST-2 AVE,2/12/2017,16:00:00,37228531,3534
1674,86 ST-2 AVE,2/12/2017,20:00:00,37396293,3522
1675,86 ST-2 AVE,2/13/2017,0:00:00,37397746,1453
1676,86 ST-2 AVE,2/13/2017,4:00:00,37397886,140
1677,86 ST-2 AVE,2/13/2017,8:00:00,37400523,2637
1678,86 ST-2 AVE,2/13/2017,12:00:00,36802715,3048
1679,86 ST-2 AVE,2/13/2017,16:00:00,37413205,3355
1680,86 ST-2 AVE,2/13/2017,20:00:00,37248918,4121
1681,86 ST-2 AVE,2/14/2017,0:00:00,37420001,1773
1682,86 ST-2 AVE,2/14/2017,4:00:00,37420128,127
1683,86 ST-2 AVE,2/14/2017,8:00:00,37422864,2736
1684,86 ST-2 AVE,2/14/2017,12:00:00,36809133,3112
1685,86 ST-2 AVE,2/14/2017,16:00:00,37435969,3449
1686,86 ST-2 AVE,2/14/2017,20:00:00,37132555,3489
1687,86 ST-2 AVE,2/15/2017,0:00:00,37443258,1874
1688,86 ST-2 AVE,2/15/2017,4:00:00,37443460,202
1689,86 ST-2 AVE,2/15/2017,8:00:00,37446118,2658
1690,86 ST-2 AVE,2/15/2017,12:00:00,36815451,2811
1691,86 ST-2 AVE,2/15/2017,16:00:00,37459167,3494
1692,86 ST-2 AVE,2/15/2017,20:00:00,37285969,4414
1693,86 ST-2 AVE,2/16/2017,0:00:00,37466444,1855
1694,86 ST-2 AVE,2/16/2017,4:00:00,37466578,134
1695,86 ST-2 AVE,2/16/2017,8:00:00,37469215,2637
1696,86 ST-2 AVE,2/16/2017,12:00:00,36821825,3004
1697,86 ST-2 AVE,2/16/2017,16:00:00,37482153,3436
1698,86 ST-2 AVE,2/16/2017,20:00:00,37304354,4433
1699,86 ST-2 AVE,2/17/2017,0:00:00,37489624,2079
1700,86 ST-2 AVE,2/17/2017,4:00:00,37489822,198
1701,86 ST-2 AVE,2/17/2017,8:00:00,37492153,2331
1702,86 ST-2 AVE,2/17/2017,12:00:00,36828296,2931
1703,86 ST-2 AVE,2/17/2017,16:00:00,37505002,4007
1704,86 ST-2 AVE,2/17/2017,20:00:00,37083849,2861
1705,86 ST-2 AVE,2/18/2017,0:00:00,37513378,2631
1706,86 ST-2 AVE,2/18/2017,4:00:00,37513748,370
1707,86 ST-2 AVE,2/18/2017,8:00:00,37514152,404
1708,86 ST-2 AVE,2/18/2017,12:00:00,37517404,3252
1709,86 ST-2 AVE,2/18/2017,16:00:00,37332445,4140
1710,86 ST-2 AVE,2/18/2017,20:00:00,37336516,4071
1711,86 ST-2 AVE,2/19/2017,0:00:00,37530309,2706
1712,86 ST-2 AVE,2/19/2017,4:00:00,37530778,469
1713,86 ST-2 AVE,2/19/2017,8:00:00,37531040,262
1714,86 ST-2 AVE,2/19/2017,12:00:00,37534016,2976
1715,86 ST-2 AVE,2/19/2017,16:00:00,37345536,3993
1716,86 ST-2 AVE,2/19/2017,20:00:00,37542845,3918
1717,86 ST-2 AVE,2/20/2017,0:00:00,37544561,1716
1718,86 ST-2 AVE,2/20/2017,4:00:00,37544774,213
1719,86 ST-2 AVE,2/20/2017,8:00:00,37545479,705
1720,86 ST-2 AVE,2/20/2017,12:00:00,37353898,3124
1721,86 ST-2 AVE,2/20/2017,16:00:00,37357293,3395
1722,86 ST-2 AVE,2/20/2017,20:00:00,37557975,4182
1723,86 ST-2 AVE,2/21/2017,0:00:00,37559568,1593
1724,86 ST-2 AVE,2/21/2017,4:00:00,37559696,128
1725,86 ST-2 AVE,2/21/2017,8:00:00,37561962,2266
1726,86 ST-2 AVE,2/21/2017,12:00:00,36850016,2912
1727,86 ST-2 AVE,2/21/2017,16:00:00,37574358,3306
1728,86 ST-2 AVE,2/21/2017,20:00:00,37377865,4010
1729,86 ST-2 AVE,2/22/2017,0:00:00,37580972,1684
1730,86 ST-2 AVE,2/22/2017,4:00:00,37581132,160
1731,86 ST-2 AVE,2/22/2017,8:00:00,37583525,2393
1732,86 ST-2 AVE,2/22/2017,12:00:00,36855998,2867
1733,86 ST-2 AVE,2/22/2017,16:00:00,37596182,3408
1734,86 ST-2 AVE,2/22/2017,20:00:00,37395487,4230
1735,86 ST-2 AVE,2/23/2017,0:00:00,37603232,1908
1736,86 ST-2 AVE,2/23/2017,4:00:00,37603397,165
1737,86 ST-2 AVE,2/23/2017,8:00:00,37605683,2286
1738,86 ST-2 AVE,2/23/2017,12:00:00,36862108,2793
1739,86 ST-2 AVE,2/23/2017,16:00:00,37618354,3419
1740,86 ST-2 AVE,2/23/2017,20:00:00,37413481,4405
1741,86 ST-2 AVE,2/24/2017,0:00:00,37625792,2075
1742,86 ST-2 AVE,2/24/2017,4:00:00,37625972,180
1743,86 ST-2 AVE,2/24/2017,8:00:00,37597270,2039
1744,86 ST-2 AVE,2/24/2017,12:00:00,36868049,2546
1745,86 ST-2 AVE,2/24/2017,16:00:00,37640700,3836
1746,86 ST-2 AVE,2/24/2017,20:00:00,37265978,3730
1747,86 ST-2 AVE,2/25/2017,0:00:00,37649213,2896
1748,86 ST-2 AVE,2/25/2017,4:00:00,37649639,426
1749,86 ST-2 AVE,2/25/2017,8:00:00,37650106,467
1750,86 ST-2 AVE,2/25/2017,12:00:00,37653655,3549
1751,86 ST-2 AVE,2/25/2017,16:00:00,37441548,4162
1752,86 ST-2 AVE,2/25/2017,20:00:00,37277517,3535
1753,86 ST-2 AVE,2/26/2017,0:00:00,37667171,2809
1754,86 ST-2 AVE,2/26/2017,4:00:00,37667676,505
1755,86 ST-2 AVE,2/26/2017,8:00:00,37667960,284
1756,86 ST-2 AVE,2/26/2017,12:00:00,37670913,2953
1757,86 ST-2 AVE,2/26/2017,16:00:00,37455026,3954
1758,86 ST-2 AVE,2/26/2017,20:00:00,37679502,3672
1759,86 ST-2 AVE,2/27/2017,0:00:00,37680964,1462
1760,86 ST-2 AVE,2/27/2017,4:00:00,37681208,244
1761,86 ST-2 AVE,2/27/2017,8:00:00,37683836,2628
1762,86 ST-2 AVE,2/27/2017,12:00:00,36883201,2792
1763,86 ST-2 AVE,2/27/2017,16:00:00,37695902,3078
1764,86 ST-2 AVE,2/27/2017,20:00:00,37474927,3942
1765,86 ST-2 AVE,2/28/2017,0:00:00,37702515,1788
1766,86 ST-2 AVE,2/28/2017,4:00:00,37702647,132
1767,86 ST-2 AVE,2/28/2017,8:00:00,37705389,2742
1768,86 ST-2 AVE,2/28/2017,12:00:00,36889194,2879
1769,86 ST-2 AVE,2/28/2017,16:00:00,37718166,3404
1770,86 ST-2 AVE,2/28/2017,20:00:00,37493323,4475
2124,96 ST-2 AVE,1/1/2017,0:00:00,150,46
2125,96 ST-2 AVE,1/1/2017,4:00:00,771,0
2126,96 ST-2 AVE,1/1/2017,8:00:00,771,0
2127,96 ST-2 AVE,1/1/2017,12:00:00,1230,459
2128,96 ST-2 AVE,1/1/2017,16:00:00,3475,2661
2129,96 ST-2 AVE,1/1/2017,17:38:00,3283,613
2130,96 ST-2 AVE,1/1/2017,17:42:00,3301,18
2131,96 ST-2 AVE,1/1/2017,20:00:00,10952,3064
2132,96 ST-2 AVE,1/2/2017,0:00:00,11673,721
2133,96 ST-2 AVE,1/2/2017,4:00:00,11673,0
2134,96 ST-2 AVE,1/2/2017,8:00:00,11905,232
2135,96 ST-2 AVE,1/2/2017,12:00:00,13959,2054
2136,96 ST-2 AVE,1/2/2017,16:00:00,17921,3962
2137,96 ST-2 AVE,1/2/2017,20:00:00,20449,2528
2138,96 ST-2 AVE,1/3/2017,0:00:00,20859,410
2139,96 ST-2 AVE,1/3/2017,4:00:00,20859,0
2140,96 ST-2 AVE,1/3/2017,8:00:00,21997,1138
2141,96 ST-2 AVE,1/3/2017,12:00:00,25911,3914
2142,96 ST-2 AVE,1/3/2017,16:00:00,28399,2488
2143,96 ST-2 AVE,1/3/2017,20:00:00,31267,2868
2144,96 ST-2 AVE,1/4/2017,0:00:00,31749,482
2145,96 ST-2 AVE,1/4/2017,4:00:00,31755,6
2146,96 ST-2 AVE,1/4/2017,8:00:00,33086,1331
2147,96 ST-2 AVE,1/4/2017,12:00:00,37563,4477
2148,96 ST-2 AVE,1/4/2017,16:00:00,40476,2913
2149,96 ST-2 AVE,1/4/2017,20:00:00,43813,3337
2150,96 ST-2 AVE,1/5/2017,0:00:00,44438,625
2151,96 ST-2 AVE,1/5/2017,4:00:00,44438,0
2152,96 ST-2 AVE,1/5/2017,8:00:00,45616,1178
2153,96 ST-2 AVE,1/5/2017,12:00:00,50153,4537
2154,96 ST-2 AVE,1/5/2017,16:00:00,52854,2701
2155,96 ST-2 AVE,1/5/2017,20:00:00,55981,3127
2156,96 ST-2 AVE,1/6/2017,0:00:00,56623,642
2157,96 ST-2 AVE,1/6/2017,4:00:00,56623,0
2158,96 ST-2 AVE,1/6/2017,8:00:00,57892,1269
2159,96 ST-2 AVE,1/6/2017,12:00:00,62367,4475
2160,96 ST-2 AVE,1/6/2017,16:00:00,65305,2938
2161,96 ST-2 AVE,1/6/2017,20:00:00,68788,3483
2162,96 ST-2 AVE,1/7/2017,0:00:00,69544,756
2163,96 ST-2 AVE,1/7/2017,4:00:00,69559,15
2164,96 ST-2 AVE,1/7/2017,8:00:00,69851,292
2165,96 ST-2 AVE,1/7/2017,12:00:00,71853,2002
2166,96 ST-2 AVE,1/7/2017,16:00:00,74646,2793
2167,96 ST-2 AVE,1/7/2017,20:00:00,77125,2479
2168,96 ST-2 AVE,1/8/2017,0:00:00,77776,651
2169,96 ST-2 AVE,1/8/2017,4:00:00,77781,5
2170,96 ST-2 AVE,1/8/2017,8:00:00,77962,181
2171,96 ST-2 AVE,1/8/2017,12:00:00,79568,1606
2172,96 ST-2 AVE,1/8/2017,16:00:00,82121,2553
2173,96 ST-2 AVE,1/8/2017,20:00:00,83917,1796
2174,96 ST-2 AVE,1/9/2017,0:00:00,84321,404
2175,96 ST-2 AVE,1/9/2017,4:00:00,84327,6
2176,96 ST-2 AVE,1/9/2017,8:00:00,85769,1442
2177,96 ST-2 AVE,1/9/2017,12:00:00,90322,4553
2178,96 ST-2 AVE,1/9/2017,16:00:00,92763,2441
2179,96 ST-2 AVE,1/9/2017,20:00:00,95807,3044
2180,96 ST-2 AVE,1/10/2017,0:00:00,96575,768
2181,96 ST-2 AVE,1/10/2017,4:00:00,96650,75
2182,96 ST-2 AVE,1/10/2017,8:00:00,98241,1591
2183,96 ST-2 AVE,1/10/2017,12:00:00,102915,4674
2184,96 ST-2 AVE,1/10/2017,16:00:00,105424,2509
2185,96 ST-2 AVE,1/10/2017,20:00:00,108580,3156
2186,96 ST-2 AVE,1/11/2017,0:00:00,109390,810
2187,96 ST-2 AVE,1/11/2017,4:00:00,109477,87
2188,96 ST-2 AVE,1/11/2017,8:00:00,111058,1581
2189,96 ST-2 AVE,1/11/2017,12:00:00,115889,4831
2190,96 ST-2 AVE,1/11/2017,16:00:00,118605,2716
2191,96 ST-2 AVE,1/11/2017,20:00:00,122015,3410
2192,96 ST-2 AVE,1/12/2017,0:00:00,122809,794
2193,96 ST-2 AVE,1/12/2017,4:00:00,122894,85
2194,96 ST-2 AVE,1/12/2017,8:00:00,124481,1587
2195,96 ST-2 AVE,1/12/2017,12:00:00,129424,4943
2196,96 ST-2 AVE,1/12/2017,16:00:00,132203,2779
2197,96 ST-2 AVE,1/12/2017,20:00:00,135872,3669
2198,96 ST-2 AVE,1/13/2017,0:00:00,136997,1125
2199,96 ST-2 AVE,1/13/2017,4:00:00,137079,82
2200,96 ST-2 AVE,1/13/2017,8:00:00,138582,1503
2201,96 ST-2 AVE,1/13/2017,12:00:00,143502,4920
2202,96 ST-2 AVE,1/13/2017,16:00:00,146449,2947
2203,96 ST-2 AVE,1/13/2017,20:00:00,150079,3630
2204,96 ST-2 AVE,1/14/2017,0:00:00,151298,1219
2205,96 ST-2 AVE,1/14/2017,4:00:00,151451,153
2206,96 ST-2 AVE,1/14/2017,8:00:00,151854,403
2207,96 ST-2 AVE,1/14/2017,12:00:00,154126,2272
2208,96 ST-2 AVE,1/14/2017,16:00:00,157214,3088
2209,96 ST-2 AVE,1/14/2017,20:00:00,159760,2546
2210,96 ST-2 AVE,1/15/2017,0:00:00,160887,1127
2211,96 ST-2 AVE,1/15/2017,4:00:00,161040,153
2212,96 ST-2 AVE,1/15/2017,8:00:00,161300,260
2213,96 ST-2 AVE,1/15/2017,12:00:00,163131,1831
2214,96 ST-2 AVE,1/15/2017,16:00:00,166023,2892
2215,96 ST-2 AVE,1/15/2017,20:00:00,168186,2163
2216,96 ST-2 AVE,1/16/2017,0:00:00,169006,820
2217,96 ST-2 AVE,1/16/2017,4:00:00,169127,121
2218,96 ST-2 AVE,1/16/2017,8:00:00,169720,593
2219,96 ST-2 AVE,1/16/2017,12:00:00,172536,2816
2220,96 ST-2 AVE,1/16/2017,16:00:00,175284,2748
2221,96 ST-2 AVE,1/16/2017,20:00:00,177582,2298
2222,96 ST-2 AVE,1/17/2017,0:00:00,178212,630
2223,96 ST-2 AVE,1/17/2017,4:00:00,178285,73
2224,96 ST-2 AVE,1/17/2017,8:00:00,179964,1679
2225,96 ST-2 AVE,1/17/2017,12:00:00,184952,4988
2226,96 ST-2 AVE,1/17/2017,16:00:00,187516,2564
2227,96 ST-2 AVE,1/17/2017,20:00:00,190771,3255
2228,96 ST-2 AVE,1/18/2017,0:00:00,191645,874
2229,96 ST-2 AVE,1/18/2017,4:00:00,191731,86
2230,96 ST-2 AVE,1/18/2017,8:00:00,193460,1729
2231,96 ST-2 AVE,1/18/2017,12:00:00,198555,5095
2232,96 ST-2 AVE,1/18/2017,16:00:00,201288,2733
2233,96 ST-2 AVE,1/18/2017,20:00:00,204616,3328
2234,96 ST-2 AVE,1/19/2017,0:00:00,205569,953
2235,96 ST-2 AVE,1/19/2017,4:00:00,205660,91
2236,96 ST-2 AVE,1/19/2017,8:00:00,207486,1826
2237,96 ST-2 AVE,1/19/2017,12:00:00,212745,5259
2238,96 ST-2 AVE,1/19/2017,16:00:00,215645,2900
2239,96 ST-2 AVE,1/19/2017,20:00:00,219341,3696
2240,96 ST-2 AVE,1/20/2017,0:00:00,220363,1022
2241,96 ST-2 AVE,1/20/2017,4:00:00,220463,100
2242,96 ST-2 AVE,1/20/2017,8:00:00,222085,1622
2243,96 ST-2 AVE,1/20/2017,12:00:00,227152,5067
2244,96 ST-2 AVE,1/20/2017,16:00:00,230116,2964
2245,96 ST-2 AVE,1/20/2017,20:00:00,233751,3635
2246,96 ST-2 AVE,1/21/2017,0:00:00,234879,1128
2247,96 ST-2 AVE,1/21/2017,4:00:00,235104,225
2248,96 ST-2 AVE,1/21/2017,8:00:00,235548,444
2249,96 ST-2 AVE,1/21/2017,12:00:00,238003,2455
2250,96 ST-2 AVE,1/21/2017,16:00:00,241362,3359
2251,96 ST-2 AVE,1/21/2017,20:00:00,244287,2925
2252,96 ST-2 AVE,1/22/2017,0:00:00,245569,1282
2253,96 ST-2 AVE,1/22/2017,4:00:00,245744,175
2254,96 ST-2 AVE,1/22/2017,8:00:00,246006,262
2255,96 ST-2 AVE,1/22/2017,12:00:00,247811,1805
2256,96 ST-2 AVE,1/22/2017,16:00:00,250508,2697
2257,96 ST-2 AVE,1/22/2017,20:00:00,252317,1809
2258,96 ST-2 AVE,1/23/2017,0:00:00,252945,628
2259,96 ST-2 AVE,1/23/2017,4:00:00,253032,87
2260,96 ST-2 AVE,1/23/2017,8:00:00,254766,1734
2261,96 ST-2 AVE,1/23/2017,12:00:00,259860,5094
2262,96 ST-2 AVE,1/23/2017,16:00:00,262414,2554
2263,96 ST-2 AVE,1/23/2017,20:00:00,265396,2982
2264,96 ST-2 AVE,1/24/2017,0:00:00,266061,665
2265,96 ST-2 AVE,1/24/2017,4:00:00,266145,84
2266,96 ST-2 AVE,1/24/2017,8:00:00,267874,1729
2267,96 ST-2 AVE,1/24/2017,12:00:00,273272,5398
2268,96 ST-2 AVE,1/24/2017,16:00:00,275828,2556
2269,96 ST-2 AVE,1/24/2017,20:00:00,279270,3442
2270,96 ST-2 AVE,1/25/2017,0:00:00,280187,917
2271,96 ST-2 AVE,1/25/2017,4:00:00,280297,110
2272,96 ST-2 AVE,1/25/2017,8:00:00,282099,1802
2273,96 ST-2 AVE,1/25/2017,12:00:00,287488,5389
2274,96 ST-2 AVE,1/25/2017,16:00:00,290720,3232
2275,96 ST-2 AVE,1/25/2017,20:00:00,294457,3737
2276,96 ST-2 AVE,1/26/2017,0:00:00,295501,1044
2277,96 ST-2 AVE,1/26/2017,4:00:00,295622,121
2278,96 ST-2 AVE,1/26/2017,8:00:00,297370,1748
2279,96 ST-2 AVE,1/26/2017,12:00:00,302945,5575
2280,96 ST-2 AVE,1/26/2017,16:00:00,305900,2955
2281,96 ST-2 AVE,1/26/2017,20:00:00,309534,3634
2282,96 ST-2 AVE,1/27/2017,0:00:00,310551,1017
2283,96 ST-2 AVE,1/27/2017,4:00:00,310680,129
2284,96 ST-2 AVE,1/27/2017,8:00:00,312304,1624
2285,96 ST-2 AVE,1/27/2017,12:00:00,317628,5324
2286,96 ST-2 AVE,1/27/2017,16:00:00,320785,3157
2287,96 ST-2 AVE,1/27/2017,20:00:00,324703,3918
2288,96 ST-2 AVE,1/28/2017,0:00:00,326098,1395
2289,96 ST-2 AVE,1/28/2017,4:00:00,326317,219
2290,96 ST-2 AVE,1/28/2017,8:00:00,326701,384
2291,96 ST-2 AVE,1/28/2017,12:00:00,329195,2494
2292,96 ST-2 AVE,1/28/2017,16:00:00,332612,3417
2293,96 ST-2 AVE,1/28/2017,20:00:00,335707,3095
2294,96 ST-2 AVE,1/29/2017,0:00:00,337151,1444
2295,96 ST-2 AVE,1/29/2017,4:00:00,337378,227
2296,96 ST-2 AVE,1/29/2017,8:00:00,337672,294
2297,96 ST-2 AVE,1/29/2017,12:00:00,339598,1926
2298,96 ST-2 AVE,1/29/2017,16:00:00,342622,3024
2299,96 ST-2 AVE,1/29/2017,20:00:00,344634,2012
2300,96 ST-2 AVE,1/30/2017,0:00:00,345327,693
2301,96 ST-2 AVE,1/30/2017,4:00:00,345420,93
2302,96 ST-2 AVE,1/30/2017,8:00:00,347213,1793
2303,96 ST-2 AVE,1/30/2017,12:00:00,352599,5386
2304,96 ST-2 AVE,1/30/2017,16:00:00,355191,2592
2305,96 ST-2 AVE,1/30/2017,20:00:00,358597,3406
2306,96 ST-2 AVE,1/31/2017,0:00:00,359465,868
2307,96 ST-2 AVE,1/31/2017,4:00:00,359562,97
2308,96 ST-2 AVE,1/31/2017,8:00:00,361526,1964
2309,96 ST-2 AVE,1/31/2017,12:00:00,367218,5692
2310,96 ST-2 AVE,1/31/2017,16:00:00,370053,2835
2311,96 ST-2 AVE,1/31/2017,20:00:00,373642,3589
2312,96 ST-2 AVE,2/1/2017,0:00:00,374656,1014
2313,96 ST-2 AVE,2/1/2017,4:00:00,374764,108
2314,96 ST-2 AVE,2/1/2017,8:00:00,376728,1964
2315,96 ST-2 AVE,2/1/2017,12:00:00,382492,5764
2316,96 ST-2 AVE,2/1/2017,16:00:00,385509,3017
2317,96 ST-2 AVE,2/1/2017,20:00:00,389258,3749
2318,96 ST-2 AVE,2/2/2017,0:00:00,390266,1008
2319,96 ST-2 AVE,2/2/2017,4:00:00,390388,122
2320,96 ST-2 AVE,2/2/2017,8:00:00,392321,1933
2321,96 ST-2 AVE,2/2/2017,12:00:00,398319,5998
2322,96 ST-2 AVE,2/2/2017,16:00:00,401469,3150
2323,96 ST-2 AVE,2/2/2017,20:00:00,405323,3854
2324,96 ST-2 AVE,2/3/2017,0:00:00,406449,1126
2325,96 ST-2 AVE,2/3/2017,4:00:00,406594,145
2326,96 ST-2 AVE,2/3/2017,8:00:00,408424,1830
2327,96 ST-2 AVE,2/3/2017,12:00:00,414066,5642
2328,96 ST-2 AVE,2/3/2017,16:00:00,417289,3223
2329,96 ST-2 AVE,2/3/2017,20:00:00,421297,4008
2330,96 ST-2 AVE,2/4/2017,0:00:00,422705,1408
2331,96 ST-2 AVE,2/4/2017,4:00:00,422919,214
2332,96 ST-2 AVE,2/4/2017,8:00:00,423370,451
2333,96 ST-2 AVE,2/4/2017,12:00:00,425777,2407
2334,96 ST-2 AVE,2/4/2017,16:00:00,429170,3393
2335,96 ST-2 AVE,2/4/2017,20:00:00,432348,3178
2336,96 ST-2 AVE,2/5/2017,0:00:00,433683,1335
2337,96 ST-2 AVE,2/5/2017,4:00:00,433902,219
2338,96 ST-2 AVE,2/5/2017,8:00:00,434207,305
2339,96 ST-2 AVE,2/5/2017,12:00:00,436277,2070
2340,96 ST-2 AVE,2/5/2017,16:00:00,439107,2830
2341,96 ST-2 AVE,2/5/2017,20:00:00,441452,2345
2342,96 ST-2 AVE,2/6/2017,0:00:00,442682,1230
2343,96 ST-2 AVE,2/6/2017,4:00:00,442798,116
2344,96 ST-2 AVE,2/6/2017,8:00:00,444706,1908
2345,96 ST-2 AVE,2/6/2017,12:00:00,450344,5638
2346,96 ST-2 AVE,2/6/2017,16:00:00,453176,2832
2347,96 ST-2 AVE,2/6/2017,20:00:00,456688,3512
2348,96 ST-2 AVE,2/7/2017,0:00:00,457583,895
2349,96 ST-2 AVE,2/7/2017,4:00:00,457683,100
2350,96 ST-2 AVE,2/7/2017,8:00:00,459758,2075
2351,96 ST-2 AVE,2/7/2017,12:00:00,465654,5896
2352,96 ST-2 AVE,2/7/2017,16:00:00,468496,2842
2353,96 ST-2 AVE,2/7/2017,20:00:00,472233,3737
2354,96 ST-2 AVE,2/8/2017,0:00:00,473240,1007
2355,96 ST-2 AVE,2/8/2017,4:00:00,473337,97
2356,96 ST-2 AVE,2/8/2017,8:00:00,475444,2107
2357,96 ST-2 AVE,2/8/2017,12:00:00,481326,5882
2358,96 ST-2 AVE,2/8/2017,16:00:00,484411,3085
2359,96 ST-2 AVE,2/8/2017,20:00:00,488381,3970
2360,96 ST-2 AVE,2/9/2017,0:00:00,489543,1162
2361,96 ST-2 AVE,2/9/2017,4:00:00,489648,105
2362,96 ST-2 AVE,2/9/2017,8:00:00,490912,1264
2363,96 ST-2 AVE,2/9/2017,12:00:00,494548,3636
2364,96 ST-2 AVE,2/9/2017,16:00:00,496389,1841
2365,96 ST-2 AVE,2/9/2017,20:00:00,498688,2299
2366,96 ST-2 AVE,2/10/2017,0:00:00,499336,648
2367,96 ST-2 AVE,2/10/2017,4:00:00,499433,97
2368,96 ST-2 AVE,2/10/2017,8:00:00,501390,1957
2369,96 ST-2 AVE,2/10/2017,12:00:00,507180,5790
2370,96 ST-2 AVE,2/10/2017,16:00:00,510205,3025
2371,96 ST-2 AVE,2/10/2017,20:00:00,514190,3985
2372,96 ST-2 AVE,2/11/2017,0:00:00,515551,1361
2373,96 ST-2 AVE,2/11/2017,4:00:00,515701,150
2374,96 ST-2 AVE,2/11/2017,8:00:00,516136,435
2375,96 ST-2 AVE,2/11/2017,12:00:00,518696,2560
2376,96 ST-2 AVE,2/11/2017,16:00:00,522116,3420
2377,96 ST-2 AVE,2/11/2017,20:00:00,525304,3188
2378,96 ST-2 AVE,2/12/2017,0:00:00,526836,1532
2379,96 ST-2 AVE,2/12/2017,4:00:00,527020,184
2380,96 ST-2 AVE,2/12/2017,8:00:00,527309,289
2381,96 ST-2 AVE,2/12/2017,12:00:00,529118,1809
2382,96 ST-2 AVE,2/12/2017,16:00:00,531513,2395
2383,96 ST-2 AVE,2/12/2017,20:00:00,533342,1829
2384,96 ST-2 AVE,2/13/2017,0:00:00,533972,630
2385,96 ST-2 AVE,2/13/2017,4:00:00,534049,77
2386,96 ST-2 AVE,2/13/2017,8:00:00,536087,2038
2387,96 ST-2 AVE,2/13/2017,12:00:00,541780,5693
2388,96 ST-2 AVE,2/13/2017,16:00:00,544673,2893
2389,96 ST-2 AVE,2/13/2017,20:00:00,548420,3747
2390,96 ST-2 AVE,2/14/2017,0:00:00,549300,880
2391,96 ST-2 AVE,2/14/2017,4:00:00,549401,101
2392,96 ST-2 AVE,2/14/2017,8:00:00,551530,2129
2393,96 ST-2 AVE,2/14/2017,12:00:00,557527,5997
2394,96 ST-2 AVE,2/14/2017,16:00:00,560624,3097
2395,96 ST-2 AVE,2/14/2017,20:00:00,564630,4006
2396,96 ST-2 AVE,2/15/2017,0:00:00,565658,1028
2397,96 ST-2 AVE,2/15/2017,4:00:00,565791,133
2398,96 ST-2 AVE,2/15/2017,8:00:00,567908,2117
2399,96 ST-2 AVE,2/15/2017,12:00:00,573956,6048
2400,96 ST-2 AVE,2/15/2017,16:00:00,576916,2960
2401,96 ST-2 AVE,2/15/2017,20:00:00,580848,3932
2402,96 ST-2 AVE,2/16/2017,0:00:00,581887,1039
2403,96 ST-2 AVE,2/16/2017,4:00:00,582010,123
2404,96 ST-2 AVE,2/16/2017,8:00:00,584133,2123
2405,96 ST-2 AVE,2/16/2017,12:00:00,590046,5913
2406,96 ST-2 AVE,2/16/2017,16:00:00,593105,3059
2407,96 ST-2 AVE,2/16/2017,20:00:00,596994,3889
2408,96 ST-2 AVE,2/17/2017,0:00:00,598123,1129
2409,96 ST-2 AVE,2/17/2017,4:00:00,598242,119
2410,96 ST-2 AVE,2/17/2017,8:00:00,600119,1877
2411,96 ST-2 AVE,2/17/2017,12:00:00,605876,5757
2412,96 ST-2 AVE,2/17/2017,16:00:00,609213,3337
2413,96 ST-2 AVE,2/17/2017,20:00:00,613191,3978
2414,96 ST-2 AVE,2/18/2017,0:00:00,614443,1252
2415,96 ST-2 AVE,2/18/2017,4:00:00,614628,185
2416,96 ST-2 AVE,2/18/2017,8:00:00,615073,445
2417,96 ST-2 AVE,2/18/2017,12:00:00,617403,2330
2418,96 ST-2 AVE,2/18/2017,16:00:00,620625,3222
2419,96 ST-2 AVE,2/18/2017,20:00:00,623343,2718
2420,96 ST-2 AVE,2/19/2017,0:00:00,624583,1240
2421,96 ST-2 AVE,2/19/2017,4:00:00,624737,154
2422,96 ST-2 AVE,2/19/2017,8:00:00,625065,328
2423,96 ST-2 AVE,2/19/2017,12:00:00,627204,2139
2424,96 ST-2 AVE,2/19/2017,16:00:00,630115,2911
2425,96 ST-2 AVE,2/19/2017,20:00:00,632183,2068
2426,96 ST-2 AVE,2/20/2017,0:00:00,633054,871
2427,96 ST-2 AVE,2/20/2017,4:00:00,633171,117
2428,96 ST-2 AVE,2/20/2017,8:00:00,633859,688
2429,96 ST-2 AVE,2/20/2017,12:00:00,636717,2858
2430,96 ST-2 AVE,2/20/2017,16:00:00,639379,2662
2431,96 ST-2 AVE,2/20/2017,20:00:00,641672,2293
2432,96 ST-2 AVE,2/21/2017,0:00:00,642356,684
2433,96 ST-2 AVE,2/21/2017,4:00:00,642463,107
2434,96 ST-2 AVE,2/21/2017,8:00:00,644237,1774
2435,96 ST-2 AVE,2/21/2017,12:00:00,649867,5630
2436,96 ST-2 AVE,2/21/2017,16:00:00,652430,2563
2437,96 ST-2 AVE,2/21/2017,20:00:00,655904,3474
2438,96 ST-2 AVE,2/22/2017,0:00:00,656761,857
2439,96 ST-2 AVE,2/22/2017,4:00:00,656842,81
2440,96 ST-2 AVE,2/22/2017,8:00:00,658760,1918
2441,96 ST-2 AVE,2/22/2017,12:00:00,664689,5929
2442,96 ST-2 AVE,2/22/2017,16:00:00,667308,2619
2443,96 ST-2 AVE,2/22/2017,20:00:00,670959,3651
2444,96 ST-2 AVE,2/23/2017,0:00:00,671820,861
2445,96 ST-2 AVE,2/23/2017,4:00:00,671931,111
2446,96 ST-2 AVE,2/23/2017,8:00:00,673813,1882
2447,96 ST-2 AVE,2/23/2017,12:00:00,582426,4843
2448,96 ST-2 AVE,2/23/2017,16:00:00,682323,2788
2449,96 ST-2 AVE,2/23/2017,20:00:00,686236,3913
2450,96 ST-2 AVE,2/24/2017,0:00:00,687264,1028
2451,96 ST-2 AVE,2/24/2017,4:00:00,687391,127
2452,96 ST-2 AVE,2/24/2017,8:00:00,689010,1619
2453,96 ST-2 AVE,2/24/2017,12:00:00,655335,5350
2454,96 ST-2 AVE,2/24/2017,16:00:00,658446,3111
2455,96 ST-2 AVE,2/24/2017,20:00:00,701668,4197
2456,96 ST-2 AVE,2/25/2017,0:00:00,703037,1369
2457,96 ST-2 AVE,2/25/2017,4:00:00,703196,159
2458,96 ST-2 AVE,2/25/2017,8:00:00,703720,524
2459,96 ST-2 AVE,2/25/2017,12:00:00,706286,2566
2460,96 ST-2 AVE,2/25/2017,16:00:00,709437,3151
2461,96 ST-2 AVE,2/25/2017,20:00:00,712310,2873
2462,96 ST-2 AVE,2/26/2017,0:00:00,713592,1282
2463,96 ST-2 AVE,2/26/2017,4:00:00,713792,200
2464,96 ST-2 AVE,2/26/2017,8:00:00,714105,313
2465,96 ST-2 AVE,2/26/2017,12:00:00,716264,2159
2466,96 ST-2 AVE,2/26/2017,16:00:00,719170,2906
2467,96 ST-2 AVE,2/26/2017,20:00:00,721286,2116
2468,96 ST-2 AVE,2/27/2017,0:00:00,721929,643
2469,96 ST-2 AVE,2/27/2017,4:00:00,722041,112
2470,96 ST-2 AVE,2/27/2017,8:00:00,724217,2176
2471,96 ST-2 AVE,2/27/2017,12:00:00,730092,5875
2472,96 ST-2 AVE,2/27/2017,16:00:00,732964,2872
2473,96 ST-2 AVE,2/27/2017,20:00:00,736569,3605
2474,96 ST-2 AVE,2/28/2017,0:00:00,737501,932
2475,96 ST-2 AVE,2/28/2017,4:00:00,737590,89
2476,96 ST-2 AVE,2/28/2017,8:00:00,739846,2256
2477,96 ST-2 AVE,2/28/2017,12:00:00,523881,4235
2478,96 ST-2 AVE,2/28/2017,16:00:00,748925,3068
2479,96 ST-2 AVE,2/28/2017,20:00:00,752806,3881
